Trending Topic	Trending Topic Score
residents	13.821341333790295nea	13.789351184790798dengue	11.071046314452799mosquitoes	11.024880046041288aedes	8.357208499025619zika	8.346511275828878crescent	8.343168037868036tan tock seng hospital	8.336228704148414national environment agency  nea	8.30793586320994rashes	8.303420939450382virus	8.295965287520776dengue fever	8.294837947179655ministry	8.286560787699749symptoms	8.281857364839443zika infection	8.280754850040534areas	8.184887563916245cases	7.162122842040147aegypti mosquito	5.642823125974729island	5.62396100561907experts	5.610766099027261microcephaly	5.60246001614631repellent	5.584223184522485sao paulo	5.583960519424895conjunctivitis	5.574433145760733infected	5.570242879622984zika virus	5.568015116663426precaution	5.5666544727347285diseases centre	5.561886241982808ms tin pei ling	5.557987030440504zika case	5.54380730481627source eradication	5.521973229618904locations	5.520027511589667counterparts	5.518914786068106cross-section	5.515043990574156females	5.513660997788013chikungunya zika viruses	5.510353628128225housing estates	5.508700687344885jalan sukachita	5.505091102472853wolbachia	5.504540593362606october	5.502626976918391spaces	5.501247166669165intervals	5.498226415764301traps	5.497425318723576spread	5.497096339497629vector control	5.49654662986368field study	5.496325888634085hatch	5.496027455069588yishun street	5.495198819564248viruses	5.493829373827223mosquito population	5.493306947437671data nea	5.492468851502292workplace	5.490723475134409dengue outbreaks	5.489456088498714vicinity	5.488529216774298reporters	5.485614621830432brazil	5.485306811238309average	5.485066060368249bacteria	5.4845058603305725allies	5.483962466068499aedes mosquitoes	5.483678934520419bacteria-carrying mosquitoes	5.480956934263054vigilant	5.480109732907174planning	5.479319524103784officers	5.477377237640676method	5.475742278035534neighborhoods	5.47519470380773transmission	5.474370757463963aedes mosquito	5.4742822843277255health  moh	5.473734856099293one three	5.471646757850494suppression trial	5.471099593174709jalan riang	5.470552483215392practitioners	5.469357400553683testing	5.464160952225919premises	5.458706892407819moh	5.455710496570103health minister gan kim yong	5.454891089830832saturday  aug	5.439353366786989block	4.768739752169994disease	4.73709620705007sites	4.713693305878062volume	4.7108535462672485positive	3.7520365721978037children	3.3186201625762286homes	3.2837569355965854mate	3.2785184023152882presence	3.265046542362225