Trending Topic	Trending Topic Score
residents	4.855217322420515
nea	4.843979692018513
