{"ACCESSIBILITY":0.35308556491591153,"ACCESSORY":0.21810704492650573,"ACCIDENTS":0.7629737544092073,"ACCOMMODATION":0.37703155387445453,"ACTION":0.19716139216936973,"AGE":0.22659212899909326,"AGENCY":0.19834058934094215,"AIR":0.23749605519557823,"AMBIANCE":0.22465729756778893,"AMOUNT":0.22461880045403948,"ANIMALS":0.2345598781839917,"APPAREL MATERIAL":0.23861760608958532,"APPAREL TYPE":0.314779374421852,"APPLIANCES":0.3620794759175376,"APPROACH":0.15781390170122062,"ASSESSMENT":0.24248583190182957,"ASSIGNMENT":0.14864365529613854,"ASSISTANCE":0.16230360702018776,"ASSURANCE":0.18552839763070447,"AUTHORITY":0.3343114062399957,"AVAILABILITY":0.18888200787161843,"BALANCE":0.1687701972812678,"BANK":0.2200265269916364,"BANKING SERVICES":0.30664545818720074,"BATHROOM":0.28515488525742316,"BATTERY":0.2401058278648916,"BODY PARTS":0.25939452083138487,"BRAKING":0.42191190384160093,"BUILDINGS":0.30422507576059926,"BURST":0.27338844841535276,"BUSINESS":0.20353421950883394,"CAR":0.8169454639577851,"CAR ACCELERATION":0.4178323306179722,"CAR MODEL":0.8469000791953729,"CAR PARTS":0.688380949368943,"CARD SERVICES":0.24654344089717772,"CELL DEVICES":0.2621635826890847,"CHAOS":0.2622504090309052,"CHARACTER":0.33497601389833576,"CHARACTERISTICS":0.25279845248437494,"CHECK OUT":0.26248521721390944,"CHEMICALS":0.23280456498130755,"CIGARETTE":0.20423929755971673,"CITY":0.28239057709456744,"CLEANLINESS":0.2847996208764135,"CLIMATE":0.2086291194829517,"COLOR":0.24444699635300143,"COMBAT":0.22803579886564052,"COMMENT":0.13396292828358575,"COMMUNICATION":0.24338588758478397,"COMPANY":0.2519528232002529,"COMPUTER":0.29510309974957716,"CONDITION":0.28854219727231956,"CONNECTIVITY":0.20613596325447964,"COOLING SYSTEM":0.20810998276716183,"COUNTRY":0.1950734903922633,"COVERAGE":0.19001888146803092,"CRIMINAL GANG":0.20438241232410445,"CUSTOMER SUPPORT":0.26372415603537347,"CUTTING METHODS":0.18006476447880898,"DAMAGE":0.3892209977432196,"DANGER":0.5266773315479074,"DAY":0.24108988667910225,"DEATH":0.41032761040313365,"DECOR":0.3147141698963397,"DEFECT":0.3491240835234559,"DELIBERATE DESTRUCTION":0.27283114171198913,"DETECTIVE":0.2927651397958169,"DEVICES":0.28347369215589097,"DIRECTION":0.29473497660246906,"DISASTER":0.3367898291675611,"DISPLAY":0.0913949933224238,"DISSOCIATION":0.15570352473748608,"DOCUMENT":0.25950308489840324,"DRAINAGE":0.2284551623635376,"DRIVE":0.6970927430224862,"EDITION":0.14972911707001066,"EFFORT":0.27722655367365673,"ELECTRONIC HARDWARE":0.2640974253417711,"EMERGENCY SERVICES":0.3012140951990029,"EMOTION":0.19804204340536113,"ENDORSEMENT":0.1700954926673828,"ENGINEERING":0.320319502767541,"EQUIPMENTS":0.269711580927489,"EROSION":0.18314767790522252,"ESSENCE":0.18913020209384027,"EVENT":0.2470457032241875,"EXPERIENCE":0.17283353649889063,"EXTERIOR":0.301697064562319,"FEEDBACK":0.15900556315992492,"FIGURE":0.16811911883182523,"FILM CASTING":0.2417260146758001,"FIRE":0.3401749523109911,"FOOD":0.27874583565916494,"FUEL TYPE":0.34368145960906477,"FURNITURE":0.25313818556043793,"GADGETS":0.1547514935992362,"GARDEN":0.20162923327894786,"GRIP":0.26417018868516695,"GROWTH":0.29367473166107466,"GYM":0.18446085549434213,"HANDLING":0.15727948733331526,"HEAT":0.2807875937226832,"HISTORY":0.14287831474280935,"HOSPITAL":0.16824408432595434,"HOSPITAL STAFF":0.28658058263704217,"HOSPITALITY FACILITIES":0.34274084822682194,"HOUSING":0.37703155387445453,"HURRICANE":0.17786670154705328,"INCIDENT":0.5822183762741377,"INFORMATION":0.2428835198100038,"INJURY":0.24808747534318754,"INSECTS AND BUGS":0.18083518505563004,"INSURANCE":0.25115997670566326,"INTERIOR":0.3126926755451917,"INTERVIEW":0.14835390648172717,"INVENTORY":0.27956158631284694,"INVESTIGATION":0.1788727958633628,"JEWELLERY":0.24417361934883997,"JOB":0.16371443029018673,"LANDSCAPE":0.24824318491187922,"LANDSLIDE":0.2714372417038234,"LANGUAGE":0.19319853196999967,"LAYOUT":0.3810350321493994,"LEAKAGE":0.27848682009652936,"LEGAL":0.23672721145279657,"LEVEL":0.11024325882823818,"LOAN SERVICES":0.2431801817196847,"LOCATION":0.38731734345898255,"LOOK AND FEEL":0.22129873504018988,"MACHINE":0.2931263043963791,"MANAGEMENT":0.24082814378404166,"MARKETING":0.2941858492060108,"MATERIAL":0.28730972516983533,"MEASURE AND NUMBER":0.1729718254920652,"MEASUREMENT":0.26602256188668555,"MEDICAL CONDITION":0.2647599564627174,"MEDICAL THERAPY":0.24609776952506335,"MEMBERSHIP":0.23780729086315475,"METEOROLOGICAL EVENT":0.4060207767823519,"METHODS":0.202632123885042,"MILITARY RAIDS":0.2423317779557615,"MOBILE DEVICES":0.2777751554530182,"MOVEMENT":0.23039485774305044,"NAMES":0.21976998443247853,"NATURE":0.2220894019721356,"NEGATIVE REACTION":0.2225990777737683,"NUMBER":0.1753605698271382,"OBJECT":0.3932878247595862,"OCCURENCE":0.2089100793299299,"ODOR":0.19681089357042791,"OFFERS":0.2162491284406577,"OFFICE":0.27546835166091044,"OPERATION":0.2395448268412001,"OPPORTUNITY":0.1612631471326878,"OPTIONS":0.21706566075309014,"ORGANIZATIONS":0.17115224282504032,"PARKING":0.4144295672799843,"PARTICIPATION":0.13189887972527245,"PAYMENT":0.27307704638414315,"PEOPLE":0.335531738542473,"PEOPLE GROUP":0.19295431487630918,"PERFORMANCE":0.3588162413854186,"PESTS":0.2512468558617563,"PHONE":0.278128143786788,"PHOTOGRAPHY":0.22022181332848234,"PHYSICAL DAMAGE":0.5491414209567984,"PLACEMENT":0.17728495488304535,"PLACES":0.31836362947809205,"PLANNING AND STRATEGIES":0.19417982861471925,"PLANTS":0.12865708433371734,"PLUMBING":0.30472730538468384,"POINTS":0.14270889415458182,"POLICY":0.17473564666737498,"POTENTIALITY":0.2555279662343564,"POWER":0.25322590009046314,"PRICE AND CHARGES":0.3752195100637801,"PROBLEM":0.22023835158446364,"PROBLEMATIC INCIDENTS":0.30745213650454095,"PROPERTIES":0.1906771177088622,"PROPERTY DEALING":0.272132697921846,"PUBLIC PLACE":0.34181158970676667,"PURCHASE":0.20368104827700548,"QUANTITY":0.1862874894430026,"QUESTION":0.18472760131677513,"RAIN":0.1972352272944515,"RANGE":0.06805701109001105,"RELATIONSHIP":0.3372000427616351,"RENTAL SERVICES":0.26963254089643157,"REPLACEMENT":0.19062100417833006,"RESTRAINT":0.2716058063286077,"RETAIL FACILITY":0.202698217388551,"ROOMS":0.48747144693863215,"SAFETY":0.3048565332071967,"SCHEME":0.2256281810790494,"SCIENTIFIC MEASUREMENT":0.1348283893074846,"SCRIPT AND WRITINGS":0.22326433542955845,"SECURITY":0.32612283928574337,"SERVICE":0.27136610123205357,"SHIP":0.3786598788785143,"SIGNAL":0.18869853422638683,"SIZE":0.26602256188668555,"SLIP AND FALL":0.30167269649373896,"SOIL":0.3174356136373525,"SOLUTION":0.16140701262025026,"SOUND":0.2576110700512001,"SPEED":0.2923493407078645,"SPLIT":0.1743768143115334,"SPORTS":0.2840599889162646,"STAFF":0.6970927430224862,"STATUS":0.21178862325382644,"STORAGE":0.30192828198940636,"STORM":0.27471737781125644,"STREET LIGHT":0.2442836166704095,"SUPPORT":0.15839212672786157,"SURVEILANCE":0.25394544711061395,"SYSTEM":0.21133007004700555,"TAX":0.18658738754522255,"TECHNOLOGY":0.265788739076869,"TEMPERATURE":0.15670650952242693,"TERRORISM":0.1162827943027677,"THEFT":0.26499397383898604,"THREATS TO HUMAN":0.12457918830367093,"TIME":0.2507364419529231,"TOILETRIES":0.2934541826815129,"TRAFFIC":0.2714301931311628,"TRANSITION PROCESSES":0.19184642184190287,"TRANSPORTATION":0.669719392604226,"TREE":0.22631903188233599,"TSUNAMI":0.2513130253908754,"TYPHOON":0.08319723509019072,"TYRES":0.4988041480103976,"UNFAIR PRACTICE":0.2479067587409065,"US PLACES":0.1496041851807793,"UTENSILS":0.24609150769548055,"VEHICLE":0.21504769770009288,"VENTING":0.29361730733320085,"VERIFICATION":0.2561972035390034,"VIOLATION":0.16351196412474853,"VISIT":0.16073812530162213,"WARRANTY":0.15956259286627583,"WATER":0.26956503586526354,"WATER BODY":0.2815745066150794,"WATER INCIDENT":0.2307881310328638,"WEATHER":0.22701328203268725,"WEB COMMUNICATION":0.3376228362776431,"WEIGHT":0.32379092472323096,"WIND":0.2326499208224762,"WITNESS":0.2297994317857281,"WORK":0.2501681827869316}